{"cameraMode":{"drawMode":0,"name":"Shaded","section":"Shading Mode"},"sceneLighting":true,"audioPlay":false,"sceneViewState":{"showFog":true,"showMaterialUpdate":false,"showSkybox":true,"showFlares":true,"showImageEffects":true,"showParticleSystems":true},"in2DMode":false,"pivot":{"x":0.5342686176300049,"y":1.8419907093048096,"z":-3.5688600540161135},"rotation":{"x":-0.1848013699054718,"y":-0.6904226541519165,"z":0.1895187646150589,"w":-0.6732367873191834},"size":11.141012191772461,"orthographic":false}